words,refrencs
the,1
and,2
to,3
of,4
a,5
in,6
is,7
that,8
for,9
I,10
you,11
it,12
with,13
on,14
as,15
are,16
be,17
this,18
was,19
have,20
or,21
at,22
not,23
your,24
from,25
we,26
by,27
will,28
can,29
but,30
they,31
an,32
he,33
all,34
has,35
if,36
their,37
one,38
do,39
more,40
n't,41
my,42
his,43
so,44
there,45
about,46
which,47
when,48
what,49
out,50
up,51
our,52
who,53
also,54
had,55
time,56
some,57
would,58
were,59
like,60
been,61
just,62
her,63
new,64
other,65
them,66
she,67
people,68
these,69
no,70
get,71
how,72
me,73
into,74
than,75
only,76
its,77
most,78
may,79
any,80
many,81
make,82
then,83
well,84
first,85
very,86
over,87
now,88
could,89
after,90
even,91
because,92
us,93
said,94
good,95
way,96
two,97
should,98
work,99
use,100
through,101
see,102
know,103
did,104
much,105
where,106
years,107
need,108
him,109
back,110
such,111
those,112
being,113
day,114
take,115
while,116
here,117
before,118
does,119
great,120
year,121
go,122
help,123
want,124
really,125
think,126
best,127
life,128
each,129
made,130
right,131
world,132
business,133
home,134
own,135
down,136
still,137
used,138
find,139
around,140
going,141
every,142
both,143
last,144
off,145
too,146
same,147
information,148
little,149
another,150
look,151
few,152
long,153
part,154
since,155
things,156
place,157
am,158
between,159
during,160
different,161
must,162
come,163
using,164
however,165
without,166
high,167
why,168
something,169
online,170
system,171
better,172
three,173
never,174
always,175
love,176
say,177
might,178
next,179
company,180
state,181
number,182
again,183
free,184
lot,185
under,186
family,187
found,188
within,189
give,190
set,191
school,192
important,193
water,194
able,195
keep,196
got,197
sure,198
end,199
money,200
service,201
small,202
put,203
experience,204
having,205
once,206
available,207
health,208
support,209
often,210
including,211
days,212
away,213
old,214
area,215
feel,216
read,217
show,218
big,219
against,220
thing,221
order,222
program,223
though,224
city,225
group,226
services,227
site,228
making,229
course,230
point,231
children,232
times,233
team,234
game,235
along,236
let,237
house,238
today,239
body,240
working,241
case,242
man,243
real,244
provide,245
care,246
public,247
top,248
looking,249
several,250
start,251
less,252
process,253
become,254
actually,255
local,256
together,257
person,258
change,259
book,260
enough,261
getting,262
week,263
power,264
until,265
market,266
fact,267
god,268
food,269
students,270
full,271
women,272
community,273
name,274
second,275
data,276
government,277
says,278
others,279
ever,280
yet,281
research,282
done,283
left,284
far,285
large,286
called,287
doing,288
already,289
development,290
social,291
open,292
possible,293
side,294
play,295
means,296
needs,297
try,298
came,299
ca,300
based,301
hard,302
thought,303
products,304
national,305
quality,306
level,307
live,308
design,309
makes,310
project,311
line,312
night,313
least,314
whether,315
job,316
car,317
example,318
include,319
following,320
given,321
website,322
past,323
plan,324
offer,325
buy,326
call,327
went,328
simply,329
hand,330
music,331
easy,332
problem,333
men,334
country,335
took,336
four,337
members,338
form,339
personal,340
control,341
energy,342
room,343
head,344
pay,345
create,346
run,347
kind,348
credit,349
almost,350
believe,351
quite,352
mind,353
law,354
early,355
comes,356
states,357
usually,358
companies,359
web,360
taking,361
started,362
later,363
although,364
story,365
per,366
future,367
known,368
someone,369
across,370
rather,371
young,372
whole,373
special,374
everything,375
months,376
anything,377
training,378
url,379
bit,380
seen,381
product,382
american,383
please,384
management,385
cost,386
either,387
light,388
university,389
face,390
due,391
nothing,392
human,393
event,394
history,395
probably,396
friends,397
learn,398
current,399
tell,400
general,401
price,402
list,403
type,404
building,405
industry,406
bad,407
check,408
everyone,409
office,410
idea,411
internet,412
news,413
million,414
video,415
among,416
air,417
especially,418
told,419
results,420
post,421
hours,422
international,423
center,424
understand,425
above,426
addition,427
major,428
education,429
white,430
particular,431
problems,432
media,433
according,434
upon,435
page,436
continue,437
black,438
study,439
issues,440
inside,441
technology,442
five,443
value,444
further,445
access,446
reason,447
short,448
TRUE,449
simple,450
natural,451
amount,452
search,453
result,454
taken,455
main,456
heart,457
space,458
financial,459
ago,460
trying,461
question,462
living,463
likely,464
interest,465
various,466
insurance,467
common,468
move,469
child,470
yourself,471
report,472
certain,473
share,474
single,475
close,476
instead,477
bring,478
works,479
age,480
s,481
season,482
hope,483
coming,484
areas,485
ask,486
medical,487
low,488
games,489
turn,490
key,491
party,492
add,493
month,494
seems,495
view,496
fun,497
matter,498
words,499
needed,500
